step	accuracy
0	0.5882056355476379
1	0.5544354915618896
2	0.6552419066429138
3	0.647681474685669
4	0.7016128897666931
5	0.6990927457809448
6	0.7283266186714172
7	0.7061492204666138
8	0.7192540168762207
9	0.7197580933570862
