step	accuracy
0	0.6018145084381104
1	0.6708669066429138
2	0.6577621102333069
3	0.6698588728904724
4	0.6602822542190552
5	0.6774193644523621
6	0.6396169066429138
7	0.7021169066429138
8	0.6864919066429138
9	0.6890121102333069
