step	loss
0	0.6780335903167725
1	0.67680424451828
2	0.6239675283432007
3	0.6205295324325562
4	0.5995503067970276
5	0.5831789374351501
6	0.5527724027633667
7	0.5629260540008545
8	0.5543614029884338
9	0.5559080839157104
