step	loss
0	0.6487419605255127
1	0.6141575574874878
2	0.624157726764679
3	0.6161852478981018
4	0.6196691989898682
5	0.6072887182235718
6	0.6468629240989685
7	0.583145022392273
8	0.5875219702720642
9	0.6222442984580994
