step	accuracy
0	0.5218750238418579
1	0.5846250057220459
2	0.6079999804496765
3	0.6551250219345093
4	0.6653749942779541
5	0.6697499752044678
6	0.6793749928474426
7	0.6916249990463257
8	0.702875018119812
9	0.7042499780654907
