step	loss
0	0.7287023663520813
1	0.6754205822944641
2	0.6572073698043823
3	0.6247850656509399
4	0.6201448440551758
5	0.6118305921554565
6	0.5985244512557983
7	0.584240198135376
8	0.5745440125465393
9	0.5716744661331177
